{
  "EEG Only": {
    "acc": 0.3771363067944977,
    "f1": 0.20584164977963018
  },
  "Peripheral Only": {
    "acc": 0.590662776156732,
    "f1": 0.5738452575671293
  },
  "Fusion (no CL)": {
    "acc": 0.6629845769070446,
    "f1": 0.6513976632465279
  },
  "Full Model (Ours)": {
    "acc": 0.6759066277615673,
    "f1": 0.6703714166895303
  }
}