{
  "subject_01": {
    "acc": 0.5496909177365669,
    "f1": 0.504581268040211
  },
  "subject_02": {
    "acc": 1.0,
    "f1": 1.0
  },
  "subject_03": {
    "acc": 0.2887912087912088,
    "f1": 0.14938608458390176
  },
  "subject_04": {
    "acc": 0.7641509433962265,
    "f1": 0.585295807007467
  },
  "subject_05": {
    "acc": 0.5761433286185761,
    "f1": 0.5277391438726626
  },
  "subject_06": {
    "acc": 0.3205009276437848,
    "f1": 0.20828161231285544
  },
  "subject_07": {
    "acc": 0.7566793893129771,
    "f1": 0.7535725852957208
  },
  "subject_08": {
    "acc": 0.6890794223826715,
    "f1": 0.5743197962739579
  },
  "subject_09": {
    "acc": 0.7072576716999512,
    "f1": 0.5616426900548358
  },
  "subject_10": {
    "acc": 0.31161007667031765,
    "f1": 0.15838552540013917
  },
  "subject_11": {
    "acc": 0.6955469506292352,
    "f1": 0.5707971345831427
  },
  "subject_12": {
    "acc": 0.6899182561307902,
    "f1": 0.5721640923434645
  },
  "subject_13": {
    "acc": 0.6785896780786919,
    "f1": 0.545261532522679
  },
  "subject_14": {
    "acc": 0.6821862348178138,
    "f1": 0.5556733828207847
  },
  "subject_15": {
    "acc": 1.0,
    "f1": 1.0
  },
  "subject_16": {
    "acc": 1.0,
    "f1": 1.0
  },
  "subject_17": {
    "acc": 0.7035490605427975,
    "f1": 0.5594563986409966
  },
  "subject_18": {
    "acc": 0.6710887465690759,
    "f1": 0.5691222357889024
  },
  "subject_19": {
    "acc": 0.6851409460105112,
    "f1": 0.5515976951283394
  },
  "subject_21": {
    "acc": 0.6157793457344451,
    "f1": 0.36459909228441756
  },
  "subject_22": {
    "acc": 0.43439226519337015,
    "f1": 0.2222222222222222
  },
  "subject_23": {
    "acc": 0.5297005400098184,
    "f1": 0.4288817051036511
  },
  "subject_24": {
    "acc": 0.7161552346570397,
    "f1": 0.5651331719128329
  },
  "subject_25": {
    "acc": 0.4613478691774034,
    "f1": 0.2607843137254902
  },
  "subject_26": {
    "acc": 0.652599388379205,
    "f1": 0.5594563986409966
  },
  "subject_27": {
    "acc": 0.38261296660117877,
    "f1": 0.18448786264061576
  },
  "subject_28": {
    "acc": 0.08227374719521316,
    "f1": 0.0506795669200645
  },
  "subject_29": {
    "acc": 0.369292523833417,
    "f1": 0.17979723952607793
  },
  "subject_30": {
    "acc": 0.343857634902411,
    "f1": 0.17058237220561012
  },
  "subject_31": {
    "acc": 0.3653234358430541,
    "f1": 0.17838187702265373
  },
  "subject_32": {
    "acc": 0.36253630203291387,
    "f1": 0.17738306690349318
  },
  "subject_33": {
    "acc": 0.3973477406679764,
    "f1": 0.18957234915055654
  },
  "subject_34": {
    "acc": 0.37422272470322215,
    "f1": 0.1815439462498286
  },
  "summary": {
    "mean_acc": 0.5714353175139959,
    "std_acc": 0.21631592716564516,
    "mean_f1": 0.44426612633874457,
    "std_f1": 0.25605338886290113,
    "n_folds": 33
  }
}